{"times": [0.0, 25.263157894736842, 147.16791979949875], "bars": [1, 9, 73]}